Store_name_Store_name,Store_name_Address,Store_name_Hours,Store_name_In_store
NORTH YORK LAWRENCE,"700 Lawrence Ave W, North York, Ontario M6A 3B4",Open Now7:00 AM - 8:00 PM,
QUEENS PLATE,"330 Queen's Plate Dr, Etobicoke, Ontario M9W 7J7",Open Now7:00 AM - 8:00 PM,
HIGHWAY 7 AND ANSLEY,"3940 Hwy 7 RR 2, Vaughan, Ontario L4L 9C3",Open Now7:00 AM - 8:00 PM,
LANGSTAFF,"8585 Hwy 27, RR3, Woodbridge, Ontario L4L 1A7",Open Now7:00 AM - 8:00 PM,
MAJOR MACKENZIE,"2911 Major MacKenzie Dr, Vaughan, Ontario L6A 3N9",Open Now7:00 AM - 8:00 PM,
FORTINOS BRAMPTON MOUNTAIN ASH,"55 Mountain Ash Road, Brampton, Ontario L6R 1W4",Open Now7:00 AM - 9:00 PM,In-Store Shopping Only
SOUTH OAKVILLE,"173 Lakeshore Rd W, Oakville, Ontario L6K 1E7",Open Now7:00 AM - 8:00 PM,
HIGHWAY 10 AND BOVAIRD,"60 Quarry Edge Drive, Brampton, Ontario L6V 4K2",Open Now7:00 AM - 9:00 PM,
BRISDALE,"35 Worthington Ave, Brampton, Ontario L7A 2Y7",Open Now7:00 AM - 9:00 PM,
NEYAGAWA,"493 Dundas St W, (at Neyagawa), Oakville, Ontario L6M 4M2",Open Now7:00 AM - 8:00 PM,
FORT NEW STREET,"5111 New St, Burlington, Ontario L7L 1V2",Open Now7:00 AM - 8:00 PM,
BURLINGTON APPLEBY,"2515 Appleby Line, Burlington, Ontario L7L 0B6",Open Now7:00 AM - 8:00 PM,
BURLINGTON GUELPH,"2025 Guelph Line, Burlington, Ontario L7P 4M8",Open Now7:00 AM - 8:00 PM,
PLAINS ROAD,"1059 Plains Rd E, Burlington, Ontario L7T 4K1",Open Now7:00 AM - 8:00 PM,
FORTINOS WATERDOWN HAMILTON ST,"115 Hamilton St N, Waterdown, Ontario L0R 2H6",Open Now7:00 AM - 8:00 PM,In-Store Shopping Only
EASTGATE,"75 Centennial Pkwy, Hamilton, Ontario L8E 2P2",Open Now7:00 AM - 8:00 PM,
FIESTA MALL,"102 Hwy 8, Stoney Creek, Ontario L8G 4H3",Open Now7:00 AM - 8:00 PM,
DUNDURN,"B-50 Dundurn St S, Hamilton, Ontario L8P 4W3",Open Now7:00 AM - 9:00 PM,
MALL ROAD,"65 Mall Rd, Hamilton, Ontario L8V 5B5",Open Now7:00 AM - 8:00 PM,
HWY 20 & 53,"21 Upper Centennial Pky S, Stoney Creek, Ontario L8J 3W2",Open Now7:00 AM - 8:00 PM,
MAIN STREET,"1579 Main St W, Hamilton, Ontario L8S 1E6",Open Now7:00 AM - 9:00 PM,
UPPER JAMES,"1550 Upper James St, Hamilton, Ontario L9B 1K3",Open Now7:00 AM - 8:00 PM,
ANCASTER,"54 Wilson St W, Ancaster, Ontario L9G 1N2",Open Now7:00 AM - 8:00 PM,
